Feature,Importance
education,0.1994360736175685
race,0.1917452154804259
capitalGain,0.1709091460773055
fnlwgt,0.12296668556525162
sex,0.10908568520625683
age,0.05932927861622941
educationNum,0.040789062800712615
maritalStatus,0.03292473598308554
relationship,0.0257846675912767
workclass,0.01538006363305237
nativeCountry,0.013410663059111792
occupation,0.010305724058341537
hoursPerWeek,0.0048652496930561475
capitalLoss,0.0030677486183255357
