Feature,Importance
capitalGain,0.17038581938060182
education,0.1426122557995386
sex,0.12254034305048725
race,0.09620198678453744
age,0.0915701384682534
relationship,0.06276673636398325
educationNum,0.06149935621771212
maritalStatus,0.05491059751753272
workclass,0.04970248273100987
fnlwgt,0.046574644763830386
nativeCountry,0.04565003351980307
occupation,0.035832322472230366
hoursPerWeek,0.010333584414200764
capitalLoss,0.00941969851627897
